{
    "loss": 2.0669236183166504,
    "accuracy": 0.8275862336158752
}