{
    "loss": 0.574002206325531,
    "accuracy": 0.9482758641242981
}