{
    "loss": 0.4551703929901123,
    "accuracy": 0.9482758641242981
}